id;nombre;id_universidad;direccion;telefonos;webs;emails
1;Facultad de Filosofía;1;Paseo de la Senda del Rey, 7 (Edificio Humanidades del campus sur) 28040 Madrid;91 398 69 03;www.uned.es;negociado.alumnos.filosofia@adm.uned.es
22;Facultad de Geografía e Historia;1;Paseo de la Senda del Rey, 7 28040 Madrid;91 398 67 04;www.uned.es;negociado.geohist@adm.uned.es
48;Facultad de Ciencias Políticas y Sociología;1;C/ Del Obispo Trejo, 2 28040 Madrid;91 398 89 58;www.uned.es;alumnos.poli@adm.uned.es | infouned@adm.uned.es
71;Facultad de Ciencias Económicas y Empresariales;1;Paseo Senda del Rey, 11 28040 Madrid;91 398 63 04;www.uned.es;negociado.economicas@adm.uned.es
107;Facultad Ciencias Económicas y Empresariales;1;Paseo Senda del Rey, 11 28040 Madrid;91 398 63 04;www.uned.es;negociado.economicas@adm.uned.es
126;Facultad de Ciencias;1;Paseo Senda del Rey, 9 28040 Madrid;91 398 89 03;www.uned.es;negociado.ambientales@adm.uned.es
167;Facultad de Psicología Campus de Ciudad Universitaria;1;C/ Juan del Rosal, 10 Ciudad Universitaria 28040 Madrid;91 398 62 11;www.uned.es;infouned@adm.uned.es
191;Escuela Técnica Superior de Ingenieros Industriales;1;C/ Juan del Rosal, 12 28040 Madrid;91 398 64 04;www.uned.es;negelectricidad@iud.uned.es
2;Facultad de Comunicación y Artes Campus de MadridPrincesa;2;C/ Santa Cruz de Marcenado, 27 28015 Madrid;91 452 11 03;www.nebrija.com;informa@nebrija.com
6;Facultad de Comunicación y Artes Campus MadridPrincesa;2;C/ Santa Cruz de Marcenado, 27 28015 Madrid;91 452 11 03;www.nebrija.com;informa@nebrija.com
51;Facultad de Derecho y de Relaciones Inter nacionales Campus MadridPrincesa;2;C/ Santa Cruz de Marcenado, 27 28015 Madrid;91 452 11 03;www.nebrija.com;informa@nebrija.com
61;Facultad de Derecho y de Relaciones Internacionales Campus Madrid Princesa;2;C/ Santa Cruz de Marcenado, 27 28015 Madrid;91 452 11 01;www.nebrija.com;informa@nebrija.com
63;Facultad de Ciencias Sociales Campus MadridPrincesa;2;C/ Santa Cruz de Marcenado, 27 28015 Madrid;91 452 11 03;www.nebrija.com;informa@nebrija.com
75;Facultad de Economía y Empresa Campus MadridPrincesa;2;C/ Santa Cruz de Marcenado, 27 28015 Madrid;91 452 11 01;www.nebrija.com;informa@nebrija.com
78;Facultad de Ciencias Lenguas y Educación Campus MadridPrincesa;2;C/ Santa Cruz de Marcenado, 27 28015 Madrid;91 452 11 03;www.nebrija.com;informa@nebrija.com
81;Facultad de Lenguas y Educación Campus MadridPrincesa;2;C/ Santa Cruz de Marcenado, 27;91 452 11 03;www.nebrija.com;informa@nebrija.com
105;Facultad de Economía y Empresa;2;C/ Santa Cruz de Marcenado, 27 28015 Madrid;91 452 11 03;www.nebrija.com;informa@nebrija.com
132;Escuela Politécnica Superior Campus Madrid Princesa;2;C/ Santa Cruz de Marcenado, 27. 28015 Madrid;91 452 11 03;www.nebrija.com;informa@nebrija.es
188;Escuela Politécnica Superior Campus MadridPrincesa;2;C/ Serrano Jover, 2 28015 Madrid;91 452 11 03;www.nebrija.com;informa@nebrija.com
3;Facultad de Bellas Artes Campus de Moncloa;3;C/ Pintor el Greco, 2 28040 Madrid;91 394 35 60;www.ucm.es;safba@ucm.es
16;Facultad de Filología Campus de Moncloa Plaza Menéndez Pelayo, s/n Ciudad Universitaria 28040 Madrid Tel;3;;91 394 53 43;www.ucm.es;infocom@ucm.es
18;Facultad de Filosofía Campus de Moncloa Plaza de Menéndez Pelayo, s/n Ciudad Universitaria 28040 Madrid Tels;3;;91 394 59 82;www.ucm.es;salfilo@ucm.es
20;Facultad de Filosofía Campus de Moncloa Plaza de Menéndez Pelayo, s/n 28040 Madrid Tels;3;;91 394 59 82;www.ucm.es;salfilo@ucm.es
21;Facultad de Geografía e Historia Campus de Moncloa;3;C/ Profesor Aranguren, s/n Ciudad Universitaria 28040 Madrid;91 394 59 90;www.ucm.es;secretariagh@ucm.es
29;Facultad de Filología Campus de Moncloa Plaza Menéndez Pelayo, s/n Ciudad universitaria 28040 Madrid Tel;3;;91 394 53 43;www.ucm.es;infocom@ucm.es
32;Facultad de Filología Campus de Moncloa Plaza Menéndez Pelayo, s/n 28040 Madrid Tel;3;;91 394 53 43;www.ucm.es;infocom@ucm.es
35;Facultad de Ciencias Políticas y Sociología Campus de Somosaguas 28223 Pozuelo de Alarcón (Madrid) Tels;3;;91 394 29 52;www.ucm.es;inforoir@ucm.es | secre.alumnos@cps.upm.es
42;Facultad de Derecho Campus de Moncloa;3;Avda. Complutense, s/n Ciudad Universitaria 28040 Madrid;91 394 54 28;www.ucm.es;gradorrll@ucm.es
46;Facultad de Ciencias Políticas y Sociología Campus Somosaguas 28223 Pozuelo de Alarcón (Madrid) Tel;3;;91 394 29 60;www.ucm.es;inforoir@ucm.es
54;Facultad de Ciencias Políticas y Sociología Campus Somosaguas 28223 Pozuelo de Alarcón (Madrid) Tels;3;;91 394 29 52;www.ucm.es;inforoir@ucm.es | secre.alumnos@cps.ucm.es
55;Facultad de Comercio y Turismo Campus Moncloa;3;Avda. de Islas Filipinas, 3 28003 Madrid;91 394 67 66;www.ucm.es;alumnos.fct@ucm.es
70;Facultad de Ciencias Económicas y Empresariales Campus de Somosaguas 28223 Pozuelo de Alarcón (Madrid) Tels;3;;91 394 29 99;www.ucm.es;informacion@ccee.ucm.es
85;Facultad de Educación Campus Ciudad Universitaria Edificio La Almudena;3;C/ Rector Royo Villanova, s/n Ciudad Universitaria 28040 Madrid;91 394 61 19;www.ucm.es;secre.alumnos@edu.ucm.es
92;Facultad de Estudios Estadísticos;3;Avda. Puerta de Hierro, s/n Ciudad Universitaria 28040 Madrid;91 394 40 04;www.ucm.es;pweb@estad.ucm.es
93;Facultad de Geografía e Historia Edificio B Campus Ciudad Universitaria;3;C/ Profesor Aranguren, s/n Ciudad Universitaria 28040 Madrid;91 394 57 41;www.ucm.es;informacion@ucm.es
95;Facultad de Ciencias de la Documentación;3;C/ Santísima Trinidad, 37 28010 Madrid;91 394 66 62;www.ucm.es;infccdoc@ucm.es
97;Facultad de Ciencias de la Información Campus Ciudad Universitaria;3;Avda. Complutense, s/n Ciudad Universitaria 28040 Madrid;91 394 21 12;www.ucm.es;secre.alumnos@ccinf.ucm.es
102;Facultad de Trabajo Social Campus de Somosaguas 28223 Pozuelo de Alarcón (Madrid) Tels;3;;91 394 29 99;www.ucm.es;infotrs@trs.ucm.es
106;Facultad de Comercio y Turismo;3;Avda. Filipinas, 3 28003 Madrid;91 394 67 67;www.ucm.es;alumnos.fct@ucm.es
112;Facultad de Ciencias Biológicas;3;C/ José Antonio Novais,12 Ciudad Universitaria 28040 Madrid;91 394 50 29;www.ucm.es;biosecrest@ucm.es
122;Facultad de Veterinaria;3;Avda. Puerta del Hierro, s/n Ciudad Universitaria 28040 Madrid;91 394 38 76;www.ucm.es;gervet@ucm.es
131;Facultad de Ciencias Físicas Ciudad Universitaria Plaza de Ciencias, 1 28040 Madrid Tels;3;;91 394 46 27;www.ucm.es;infofisicas@ucm.es
133;Facultad de Ciencias Geológicas;3;C/ José Antonio Novais, 12 Ciudad Universitaria 28040 Madrid;91 394 48 37;www.ucm.es;infoweb@geo.ucm.es
134;Facultad de Ciencias Matemáticas Ciudad Universitaria Plaza de las Ciencias, 3 28040 Madrid Tel;3;;91 394 46 24;www.ucm.es;sdamat@ucm.es
137;Facultad de Ciencias Químicas Ciudad Universitaria Plaza de las Ciencias, 3 28040 Madrid Tel;3;;91 394 42 98;www.ucm.es;informacion@ucm.es
143;Facultad de Enfermería, Fisioterapia y Podología;3;Pza. Ramón y Cajal, 3 Ciudad Universitaria 28040 Madrid;91 394 15 24;www.ucm.es;secre.alumnos@enf.ucm.es | secre.decaenf@ucm.es
149;Facultad de Farmacia Campus de Moncloa Plaza de Ramón y Cajal, s/n Ciudad Universitaria 28040 Madrid Tels;3;;91 394 72 19;www.ucm.es;información@ucm.es
152;Facultad de Psicología Campus de Somosaguas 28223 Pozuelo de Alarcón (Madrid) Tel;3;;91 394 31 78;www.ucm.es;conps@ucm.es
155;Facultad de Medicina Campus de Ciudad Universitaria;3;Pza. Ramón y Cajal, s/n 28040 Madrid;91 394 13 01;www.ucm.es;decmed@ucm.es | secre.alumnos@med.ucm.es
159;Facultad de Odontología Campus de Ciudad Universitaria;3;Pza. Ramón y Cajal, 3 28040 Madrid;91 394 19 10;www.ucm.es;infodon@pas.ucm.es
161;Facultad de Óptica y Optometría;3;Avda. Arcos de Jalón, 118 28037 Madrid;91 394 68 76;www.ucm.es;infopt@ucm.es
164;Facultad de Psicología Campus Somosaguas 28223 Pozuelo de Alarcón (Madrid) Tel;3;;91 394 31 78;www.ucm.es;conpsi@ucm.es
169;Facultad de Veterinaria Campus de Ciudad Universitaria;3;Avda. Puerta de Hierro, s/n Ciudad Universitaria 28040 Madrid;91 394 38 76;www.ucm.es;gervet@ucm.es
181;Facultad de Ciencias Químicas Campus Ciudad Universitaria;3;Pza. de las Ciencias 28040 Madrid;91 394 43 47;www.quimicas.ucm.es | www.ucm.es;
193;Facultad de Ciencias Geológicas Ciudad Universitaria;3;C/ José Antonio Novais, 12 28040 Madrid;91 394 48 37;www.ucm.es;infoweb@geo.ucm.es
195;Facultad de Ciencias Matemáticas;3;Pza. de Ciencias, 3. Ciudad Universitaria 28040 Madrid;91 394 46 00;www.ucm.es;informacion@ucm.es
196;Facultad de Ciencias Físicas Campus de Ciudad Universitaria;3;Pza. de Ciencias, 1. Ciudad Universitaria 28040 Madrid;91 394 46 27;www.ucm.es;infofisicas@ucm.es
199;Facultad de Ciencias Físicas Campus Ciudad Universitaria;3;Pza. de Ciencias,1 28040 Madrid;91 394 46 48;www.ucm.es;infofisicas@ucm.es | informacion@ucm.es
205;Facultad de Informática;3;C/ Profesor José García Santesmases, 9 Ciudad Universitaria 28040 Madrid;91 394 75 02;www.ucm.es;salfdi@ucm.es
207;Facultad de Informática Campus de Moncloa;3;C/ Profesor José García Santesmases, 9 Ciudad Universitaria 28040 Madrid;91 394 75 02;www.ucm.es;salfdi@ucm.es
210;Facultad de Informática Campus Moncloa;3;C/ Profesor José García Santesmases, 9 Ciudad Universitaria 28040 Madrid;91 394 75 02;www.ucm.es;salfdi@ucm.es
4;Facultad de Ciencias de la Comunicación Ctra;4;;91 351 03 03 / 91 709 14 00;www.ufv.es;info@ufv.es
57;Facultad de Derecho, Empresa y Gobierno Ctra;4;;91 351 03 03 / 91 709 14 00;www.ufv.es;info@ufv.es
60;Facultad de de Derecho, Empresa y Gobierno Ctra;4;;91 351 03 03;www.ufv.es;info@ufv.es
79;Facultad de Educación y Psicología Ctra;4;;91 351 03 03 / 91 709 14 00;www.ufv.es;info@ufv.es
116;Facultad de Ciencias Experimentales Ctra;4;;91 351 03 03;www.ufv.es;info@ufv.es
141;Facultad de Ciencias CC;4;;91 351 03 03;www.ufv.es;info@ufv.es
144;Facultad de Ciencias de la Salud Ctra;4;;91 351 03 03 / 91 709 14 00;www.ufv.es;info@ufv.es
170;Escuela Politécnica Superior Ctra;4;;91 351 03 03;www.ufv.es;info@ufv.es
5;Facultad de Artes y Humanidades Campus de Aranjuez Edificio Pavía;5;C/ San Pascual, s/n 28300 Aranjuez (Madrid);91 488 44 21;www.urjc.es;aranjuez.secretariadealumnos@urjc.es
7;Facultad de Artes y Humanidades Campus de Fuenlabrada;5;Camino del Molino, s/n 28943 Fuenlabrada (Madrid);91 488 84 01;www.urjc.es;fuenlabrada.secretariadealumnos@urjc.es
11;Facultad de Artes y Humanidadess Campus de Aranjuez Edificio Pavía;5;C/ San Pascual, s/n 28300 Aranjuez (Madrid);91 488 44 21 / 91 555 25 28;www.udit.es | www.urjc.es;aranjuez.secretariadealumnos@urjc.es | secretaria.alumnos@udit.es
27;Facultad de Artes y Humanidades Campus Fuenlabrada;5;Camino del Molino, s/n 28943 Fuenlabrada (Madrid);91 488 84 01;www.urjc.es;fuenlabrada.secretariadealumnos@urjc.es
30;Escuela de Ingeniería de Fuenlabrada Campus de Fuenlabrada;5;Camino del Molino, 5 28942 Fuenlabrada (Madrid);91 488 84 01;www.urjc.es;fuenlabrada.secretariadealumnos@urjc.es
34;Facultad de Artes y Humanidades Campus Aranjuez Edificio Maestro Rodrigo;5;C/ Infantas, 55 28300 Aranjuez (Madrid);91 488 44 21 / 91 488 70 26;www.urjc.es;aranjuez.secrealumnos@urjc.es
40;Facultad de Ciencias de la Educación y del Deporte y Estudios Interdisciplinares Campus Alcorcón;5;Avda. de Atenas, s/n 28922 Alcorcón (Madrid);91 488 89 17;www.urjc.es;alcorcon.secretariadealumnos@urjc.es
43;Facultad de Ciencias Jurídicas y Políticas Campus Madrid;5;Paseo Artilleros, s/n 28032 Vicálvaro (Madrid);91 488 00 00 / 91 488 78 00 / 91 488 89 17;www.urjc.es;fcjs.secretariaacademica@urjc.es
58;Facultad de Ciencias de la Economía y de la Empresa Campus Madrid Vicálvaro;5;Paseo de los Artilleros, s/n 28032 Vicálvaro (Madrid);91 488 44 17 / 91 488 70 26 / 91 488 78 00 / 91 488 79 27 / 91 488 84 01 / 91 661 74 35;www.urjc.es;aranjuez.secretariadealumnos@urjc.es | fcjs.secretariaacademica@urjc.es
72;Facultad de Ciencias de la Economía y de la Empresa Campus Madrid;5;Paseo de los Artilleros, s/n 28032 Vicálvaro (Madrid);91 488 70 26 / 91 488 78 00 / 91 488 84 01 / 91 664 74 35;www.urjc.es;fuenlabrada.secretariadealumnos@urjc.es | madrid.secretariaalumnos@urjc.esFacultad | mostoles.secretariadealumnos@urjc.es
80;Facultad de Ciencias de la Educación y del Deporte y Estudios Interdisciplinares Campus Madrid;5;Paseo de los Artilleros, s/n 28032 Vicálvaro (Madrid);91 350 12 12 / 91 488 70 26 / 91 488 78 00 / 91 488 84 01 / 91 664 74 35;www.eserp.com | www.urjc.es;fuenlabrada.secretariadealumnos@urjc.es | info@eserp.com | mostoles.secretariadealumnos@urjc.es
82;Facultad de Ciencias Jurídicas y Sociales Campus Madrid;5;Paseo de los Artilleros, s/n 28032 Vicálvaro (Madrid);91 488 70 26 / 91 488 78 00 / 91 488 84 01 / 91 664 74 35;www.urjc.es;fuenlabrada.secretariadealumnos@urjc.es | madrid.secretariadealumnos@urjc.es | mostoles.secretariadealumnos@urjc.es
87;Facultad de Ciencias de la Economía y de la Empresa Campus de Fuenlabrada;5;Camino del Molino, s/n 28943 Fuenlabrada (Madrid);91 488 70 26 / 91 488 78 00 / 91 488 84 01 / 91 664 74 35;www.urjc.es;fuenlabrada.secretariadealumnos@urjc.es | madrid.secretariaalumnos@urjc.es | mostoles.secretariadealumnos@urjc.es
88;Facultad de Ciencias de la Economía y de la Empresa Campus de Madrid;5;Paseo Artilleros, s/n 28032 Vicálvaro (Madrid);91 488 78 00;www.urjc.es;madrid.secretariaalumnos@urjc.es
96;Facultad de Ciencias de la Educación y del Deporte y Estudios Interdisciplinares Campus de Alcorcón;5;Avda. de Atenas, s/n 28922 Alcorcón (Madrid);91 488 83 46 / 91 488 89 17;www.urjc.es;alcorcon.secretariadealumnos@urjc.es | ferraz.secretaria@urjc.es
99;Facultad de Ciencias de la Comunicación Campus de Fuenlabrada;5;Camino del Molino, s/n 28943 Fuenlabrada (Madrid);91 488 78 00 / 91 488 84 01;www.urjc.es;fuenlabrada.secretariadealumnos@urjc.es | madrid.secretariaalumnos@urjc.es
103;Facultad de Ciencias Jurídicas y Política Campus de Alcorcón;5;Avda. de Atenas, s/n 28922 Alcorcón (Madrid);91 488 88 00 / 91 488 89 17;www.urjc.es;alcorcon.secretariadealumnos@urjc.es
108;Facultad de Ciencias de la Economía y de la Empresa Facultad de Ciencias de la Econo mía y de la Empresa Campus de Madrid;5;Paseo Artilleros, s/n 28032 Vicálvaro (Madrid);91 488 78 00 / 91 488 84 01;www.urjc.es;fuenlabrada.secretariadealumnos@urjc.es | madrid.secretariaalumnos@urjc.es
110;Facultad de Ciencias de la Comunicación Campus Madrid;5;Paseo Artilleros, s/n 28032 Vicálvaro (Madrid);91 488 79 27 / 91 488 83 46;www.urjc.es;ferraz.secretariadealumnos@urjc.es | mostoles.secretariadealumnos@urjc.es
113;Escuela Superior de Ciencias Experimentales y Tecnología Campus Mostoles;5;C/ Tulipán, s/n 28933 Móstoles (Madrid);91 664 74 18;www.urjc.es;escet.director@urjc.es
120;Escuela Superior de Ciencias Experimentales y Tecnología Campus de Móstoles;5;C/ Tulipán, s/n 28933 Móstoles (Madrid);91 664 74 18;www.urjc.es;escet.director@urjc.es
123;Escuela Superior de Ciencias Experimentales y Tecnología Campus Móstoles;5;C/ Tulipán, s/n 28933 Móstoles (Madrid);91 664 74 18;www.urjc.es;escet.director@urjc.es
135;Escuela Técnica Superior de Ingeniería Informática Campus Móstoles;5;C/ Tulipán, s/n 28933 Móstoles (Madrid);91 488 76 23;www.urjc.es;etsii.info@urjc.es
146;Facultad de Ciencias de la Salud Campus de Alcorcón;5;Avda. de Atenas, s/n 28922 Alcorcón (Madrid);91 488 89 17 / 91 488 93 93;www.urjc.es;alcorcon.secretariadealumnos@urjc.es
150;Facultad de Ciencias de la Salud Campus Alcorcón;5;Avda. de Atenas, s/n 28922 Alcorcón (Madrid);91 488 89 17 / 91 488 93 93;www.urjc.es;alcorcon.secretariadealumnos@urjc.es
172;Escuela de Ingeniería de Fuenlabrada Campus Fuenlabrada;5;Camino del Molino, s/n 28943 Fuenlabrada (Madrid);91 488 84 01 / 91 488 93 93;www.urjc.es;secretariaacademica@urjc.es
183;Escuela de Ingeniería de Fuenlabrada Campus de Alcorcón (también en inglés);5;Avda. de Atenas, s/n 28922 Alcorcón (Madrid);91 488 89 17;www.urjc.es;alcorcon.secretariadealumnos@urjc.es
197;Escuela Superior de Ciencias Experimenta les y Tecnología Campus de Móstoles;5;C/ Tulipán, s/n 28933 Móstoles (Madrid);91 664 74 18 / 91 665 50 61;www.urjc.es;escet.director@urjc.es
206;Escuela Técnica Superior de Ingeniería Informática Campus de Móstoles;5;C/ Tulipán, s/n 28933 Móstoles (Madrid);91 488 70 26 / 91 664 74 35;www.urjc.es;mostoles.secretariadealumnos@urjc.es
211;Escuela Técnica Superior de Ingeniería de Telecomunicación Campus Fuenlabrada;5;Camino del Molino, 5 28942 Fuenlabrada (Madrid);91 488 72 21;www.urjc.es;etsit.director@urjc.es | etsit.sec.academica@urjc.es
8;Facultad de Música y Artes Escénicas;6;Avda. Comandante Franco, 10 bis 28016 Madrid;91 810 92 00;www.uax.es;info@uax.es
50;Facultad de Estudios Sociales y Lenguas Aplicadas Campus de Villanueva de la Cañada;6;Avda. de la Universidad, 1 28691 Villanueva de la Cañada (Madrid);91 810 92 00;www.uax.es;info@uax.es
77;Facultad de Educación;6;Avda. de la Universidad, 1 28691 Villanueva de la Cañada (Madrid);91 810 92 00;www.uax.es;info@uax.es
86;Facultad de Estudios Sociales y Lenguas Aplicadas;6;Avda. de la Universidad, 1 28691 Villanueva de la Cañada (Madrid);91 810 92 00;www.uax.es;info@uax.es
114;Facultad de Farmacia Campus de Villanueva de la Cañada;6;Avda. de la Universidad, 1 28691 Villanueva de la Cañada (Madrid);91 810 92 00;www.uax.es;info@uax.es
129;Escuela Politécnica Superior Campus de Villanueva de la Cañada;6;Avda. de la Universidad, 1 28691 Villanueva de la Cañada (Madrid);91 810 92 00;www.uax.es;info@uax.es
139;Facultad de Ciencias de la Salud Campus de Villanueva de la Cañada;6;Avda. de la Universidad, 1 28691 Villanueva de la Cañada (Madrid);91 810 92 00;www.uax.es;info@uax.es
154;Facultad de Ciencias de la Salud;6;Avda. de la Universidad, 1 28691 Villanueva de la Cañada (Madrid);91 810 92 00;www.uax.es;info@uax.es
168;Facultad de Veterinaria Campus de Villanueva de la Cañada;6;Avda. de la Universidad, 1 28691 Villanueva de la Cañada (Madrid);91 810 92 00;www.uax.es;info@uax.es
182;Escuela Politécnica Superior;6;Avda. de la Universidad,1 28691 Villanueva de la Cañada (Madrid);91 810 92 00;www.uax.es;info@uax.es
194;Escuela Poltécnica Superior Campus de Villanueva de la Cañada;6;Avda. de la Universidad,1 28691 Villanueva de la Cañada (Madrid);91 810 92 00;www.uax.es;info@uax.es
9;Facultad de Humanidades y Ciencias de la Comunicación Campus de Moncloa;7;C/ Julián Romea, 18 28003 Madrid;91 514 04 04 / 91 555 25 28;www.udit.es | www.uspceu.com;info.usp@ceu.es | secretaria.alumnos@udit.es
59;Facultad de Ciencias Económicas y Empresariales Campus de Moncloa;7;C/ Julián Romea, 23 28003 Madrid;91 456 63 00;www.uspceu.com;info.usp@ceu.es
73;Facultad de Ciencias Económicas y Empresariales Campus Moncloa;7;C/ Julián Romea, 23 28003 Madrid;91 456 63 00 / 91 514 04 00;www.uspceu.com;info.usp@ceu.es
147;Facultad de Medicina Campus de Monteprincipe;7;Urb. Montepríncipe 28925 Alcorcón (Madrid);91 372 47 00;www.uspceu.com;info.usp@ceu.es
156;Facultad de Medicina Campus de Montepríncipe;7;Urb. Montepríncipe 28925 Alcorcón (Madrid);91 372 47 00;www.uspceu.com;info.usp@ceu.es
158;Facultad de Farmacia;7;Urb. Montepríncipe 28925 Alcorcón (Madrid);91 372 47 00;www.uspceu.es;info.usp@ceu.es
162;Facultad de Farmacia Campus Montepríncipe Ctra;7;;91 372 47 00;www.uspceu.com;info.usp@ceu.es
165;Facultad de Medicina Campus Montepríncipe;7;Urb. Montepríncipe 28925 Alcorcón (Madrid);91 372 47 00;www.uspceu.com;info.usp@ceu.es
171;Escuela Politécnica Superior Campus de Montepríncipe;7;Urb. Montepríncipe 28925 Alcorcón (Madrid);91 372 40 35;www.uspceu.com;info.usp@ceu.es
184;Escuela Politécnica Superior Campus Montepríncipe;7;Urb. Monteprincipe 28925 Alcorcón (Madrid);91 372 47 00;www.ucpceu.es;secretariamonteprincipe@ceu.es
201;Escuela Politécnica Superior Campus Montepríncipe 28925 Alcorcón (Madrid) Tels;7;;91 372 40 35;www.uspceu.com;info.usp@ceu.es
10;Escuela de Arquitectura, Ingeniería y Diseño;8;C/Tajo, s/n. Edificio B Urbanización El Bosque 28670 Villaviciosa de Odón (Madrid);91 414 66 11 / 91 740 72 72;www.universidadeuropea.es/madrid;ads@uem.es
12;Escuela de Arquitectura, Ingeniería y Diseño Campus de Villaviciosa de Odón;8;C/ Tajo, s/n. Edificio C Urbanización El Bosque 28670 Villaviciosa de Odón (Madrid);91 740 72 72;www.universidadeuropea.es/madrid;ads@uem.es
13;Escuela de Arquitectura, Ingeniería y Diseño Campus Universitario de Villaviciosa de Odón;8;C/Tajo, s/n. Edificio B Urbanización El Bosque 28670 Villaviciosa de Odón (Madrid);91 555 25 28 / 91 740 72 72;www.udit.es | www.universidadeuropea.es/madrid;ads@uem.esUniversidad | secretaria.alumnos@udit.es
25;Facultad de CC;8;C/ Tajo, s/n. Edificio B Urbanización El Bosque 28670 Villaviciosa de Odón (Madrid);91 740 72 72;www.universidadeuropea.es/madrid;ads@uem.es
33;Facultad de Ciencias Sociales y de la Comunicación Campus de Villaviciosa de Odón;8;C/ Tajo, s/n. Edificio B Urbanización El Bosque 28670 Villaviciosa de Odón (Madrid);91 740 72 72;www.universidadeuropea.es/madrid;ads@uem.es
37;Facultad de Ciencias de la Actividad Física y el Deporte Campus de Villaviciosa de Odón;8;C/ Tajo, s/n. Urbanización El Bosque Edificio D 28670 Villaviciosa de Odón (Madrid);91 740 72 72;www.universidadeuropea.es/madrid;ads@universidadeuropea.es
98;Facultad de Ciencias Sociales y de la Comunicación Campus Villaviciosa de Odón;8;C/ Tajo, s/n. Edificio B Urbanización El Bosque 28670 Villaviciosa de Odón (Madrid);91 740 72 72;www.universidadeuropea.es/madrid;ads@universidadeuropea.es
101;Facultad de Ciencias Sociales y de la Co municación Campus de Villaviciosa de Odón;8;C/ Tajo, s/n. Edificio B Urbanización El Bosque 28670 Villaviciosa de Odón (Madrid);91 740 72 72;www.universidadeuropea.es/madrid;ads@universidadeuropea.es
115;Facultad de Ciencias Biomédicas y de la Salud Campus de Villaviciosa de Odón;8;C/ Tajo, s/n. Urbanización El Bosque 28670 Villaviciosa de Odón (Madrid);91 414 66 11 / 91 740 72 72;www.universidadeuropea.es/madrid;ads@universidadeuropea.es
160;Facultad de Ciencias Biomédicas y de la Salud Campus de Villaviciosa de Odón y Clinicas Universitarias;8;C/ Tajo, s/n. Edificio A. Urbanización El Bosque 28670 Villaviciosa de Odón (Madrid);91 385 88 00 / 91 526 81 00 / 91 740 72 72;www.universidadeuropea.es/madrid;ads@universidadeuropea.es | policlinica@universidadeuropea.es
14;Facultad de Humanidades, Comunicación y Documentación Campus de Getafe;9;C/ Madrid, 133 28903 Getafe (Madrid);91 624 60 00;www.uc3m.es;futuroestudiantes@uc3m.es
44;Facultad de Ciencias Sociales y Jurídicas;9;C/ Madrid, 126 28903 Getafe (Madrid);91 624 60 00;www.uc3m.es;futurosestudiantes@uc3m.es
45;Facultad de Ciencias Sociales y Jurídicas Campus de Getafe;9;C/ Madrid, 126 28903 Getafe (Madrid);91 624 60 00;www.uc3m.es;futurosestudiantes@uc3m.es
49;Facultad de Humanidades, Comunicación y Documentación;9;C/ Madrid, 126 28903 Getafe (Madrid);91 624 06 00;www.uc3m.es;futuroestudiantes@uc3m.es
69;Facultad de Ciencias Sociales y Jurídicas Campus Getafe;9;C/ Madrid, 126 28903 Getafe (Madrid);91 624 60 00;www.uc3m.es;futurosestudiantes@uc3m.es
91;Facultad de Ciencias Sociales y Jurídicas Campus de Colmenarejo;9;Avda. Universidad Carlos III, 22 28270 Colmenarejo (Madrid);91 624 60 00;www.uc3m.es;futuroestudiantes@uc3m.es
119;Escuela Politécnica Superior Edificio Sabatini, planta baja Campus Leganés;9;Avda. de la Universidad, 30 28911 Leganés (Madrid);91 624 60 00;www.uc3m.es;futurosestudiantes@uc3m.esUniversidad
176;Escuela Politécnica Superior Campus Leganés;9;Avda. de la Universidad, 30 28911 Leganés (Madrid);91 624 60 00;www.uc3m.es;futurosestudiantes@uc3m.es
15;Facultad de Filosofía y Letras Campus de Cantoblanco;10;C/ Francisco Tomás y Valiente, 1 28049 Madrid;91 497 43 54;www.uam.es;informacion.filosofia@uam.es
17;Facultad de Filosofía y Letras Campus Cantoblanco;10;C/ Francisco Tomás y Valiente,1 28049 Madrid;91 497 43 54;www.uam.es;informacion.filosofia@uam.es
26;Facultad de Ciencias Edificio de Biología Campus Cantoblanco;10;C/ Darwin, 2 28049 Madrid;91 497 43 31;www.uam.es;informacion.ciencias@uam.es
36;Facultad de Formación de Profesorado y Educación Campus Cantoblanco;10;Avda. de Tomás y Valiente, 3 28049 Madrid;91 497 86 22;www.uam.es;gestiongrado.fprofesorado@uam.es
47;Facultad de Derecho Campus de Cantoblanco;10;C/ Kelsen, 1 28049 Madrid;91 497 81 51;www.uam.es/oae/contacto;informacion.derecho@uam.es
68;Facultad de Ciencias Económicas y Empresariales Campus de Cantoblanco;10;C/ Francisco Tomás y Valiente, 5 28049 Madrid;91 497 43 07;www.uam.es;grado.economia.economicas@uam.es
118;Facultad de Ciencias Edificio de Biología Campus de Cantoblanco;10;C/ Darwin, 2 28049 Madrid;91 497 83 49;www.uam.es;informacion.ciencias@uam.es
121;Facultad de Ciencias Edificio de Ciencias de los Alimentos Campus de Cantoblanco;10;C/ Max, 10 28049 Madrid;91 394 43 31;www.uam.es;informacion.ciencias@uam.es
125;Facultad de Ciencias Campus de Cantoblanco Edificio Biología;10;C/ Darwin, 2 28049 Madrid;91 497 83 46;www.uam.es;informacion.ciencias@uam.es
130;Facultad de Ciencias Campus Cantoblanco;10;C/ Francisco Tomás y Valiente, 7 28049 Madrid;91 497 43 31;www.uam.es;informacion.ciencias@uam.es
142;Facultad de Medicina Campus Medicina UAM;10;C/ Arzobispo Morcillo, 4 28029 Madrid;91 497 54 58 / 91 534 36 49 / 91 550 48 63;www./euenfermeriacruzroja.com | www.fjd.es/escuela_enfermeria | www.uam.es;euenfermeria.fjd@fjd.es | informacion.medicina@uam.es
157;Facultad de Ciencias Edificio de Ciencias Campus Cantoblanco;10;C/ Francisco Tomás y Valiente, 7 28049 Madrid;91 497 35 18;www.uam.es;informacion.ciencias@uam.es
163;Facultad de Psicología Campus Cantoblanco;10;C/ Iván P . Paulov, 6 28049 Madrid;91 497 40 46;www.uam.es;secretariagrado.psicologia@uam.es
180;Facultad de Ciencias Edificio de Ingeniería Química Campus de Cantoblanco;10;C/ Marx, 10 28049 Madrid;91 497 35 18;www.uam.es;informacion.ciencias@uam.es
19;Facultad de Ciencias Humanas y Sociales;11;C/ Universidad Comillas, 35 28049 Madrid;91 734 39 50;www.comillas.edu;grado@comillas.edu
190;Escuela Técnica Superior de Ingeniería (ICAI);11;C/ Alberto Aguilera, 25 28015 Madrid;91 542 28 00;www.comillas.edu;grado@comillas.edu
23;Facultad de Filosofía y Letras Campus Histórico;12;C/ Colegios, 2 Colegio de Málaga 28801 Alcalá de Henares (Madrid);91 885 43 13;www.uah.es/facultadfilosofiayletras;decanato.fyl@uah.es | secalum.filosofia@uah.es
31;Facultad de Filosofía y Letras Campus Guadalajara;12;C/ Madrid, 1 19001 Guadalajara;91 885 43 13 / 91 885 50 00;www.uah.es/facultadfilosofiayletras;decanato.fyl@uah.es
62;Facultad de Derecho Campus Histórico;12;C/ Libreros, 27 28801 Alcalá de Henares (Madrid);91 885 43 13;www.uah.es/facultadderecho;ciu@uah.es | secalum.derecho@uah.es
67;Facultad de Ciencias Económicas, Empresariales y Turismo Campus Histórico;12;Pza. de la Victoria, 2 28802 Alcalá de Henares (Madrid);91 885 43 13;www.uah.es;ciu@uah.es | secalum.economicas@uah.es
74;Facultad de Ciencias Económicas, Empresariales y Turismo Campus Histórico Plaza de la Victoria 28802 Alcalá de Henares (Madrid) Tels;12;;91 885 43 13;www.uah.es;secalum.economicas@uah.es
76;Facultad de Ciencias Económicas, Empresariales y Turismo Campus Histórico Plaza de la Victoria, s/n 28802 Alcalá de Henares (Madrid) Tels;12;;91 885 43 13;www.uah.es/facultadcceeturismo;ciu@uah.es
83;Facultad de Educación Campus Guadalajara;12;C/ Madrid, 1 19001 Guadalajara;949 20 96 60;www.uah.es/facultadeducacion;escuela.magisterio@uah.es
104;Facultad de Ciencias Económicas, Empresariales y Turismo Campus Guadalajara Edificio Multidepartamental;12;C/ Cifuentes, 28 19003 Guadalajara;949 20 96 60;www.uah.es/facultadcceeturismo;secretaria.multidepar@uah.es
111;Facultad de Ciencias Campus CientíficoTecnológico;12;Crta. de Barcelona, Km. 33,600 28871 Alcalá de Henares (Madrid);91 885 49 16;www.uah.es/facultadciencias;decanato.biologia@uah.es
124;Facultad de Ciencias Campus Científico Tecnológico Ctra;12;;91 885 51 13;www.uah.es/facultadciencias;decanato.ambientales@uah.es
128;Facultad de Ciencias Campus CientíficoTecnológico Ctra;12;;91 885 51 13;www.uah.es/facultadciencias;deca.criminalistica@uah.es
138;Facultad de Medicina y Ciencias de la Salud Campus CientíficoTecnológico Ctra;12;;91 885 48 55;www.medicinaycienciasdelasalud.uah.es;decanato.ccafyde@uah.es
148;Facultad de Farmacia Campus CientíficoTecnológico Ctra;12;;91 885 46 69;www.uah.es/medicina;decanato.farmacia@uah.es
151;Facultad de Medicina y Ciencias de la Salud Campus Científico Tecnológico Ctra;12;;91 885 45 74;www.uah.es/medicina;decanato.enfermyfisiot@uah.es
153;Facultad de Medicina y Ciencias de la Salud Campus CientíficoTecnológico;12;Crta. de Barcelona, Km. 33,600 28871 Alcalá de Henares (Madrid);91 885 45 04;www.uah.es/medicina;ciu@uah.es | decanato.medicina@uah.es
173;Escuela de Arquitectura Campus Histórico;12;C/ Santa Úrsula, 8 28801 Alcalá de Henares (Madrid);91 883 92 56;www.arquitectura.uah.es;e.arquitectura@uah.es
174;Escuela de Arquitectura Campus Guadalajara Edificio Multidepartamental;12;C/ Cifuentes, 28 19003 Guadalajara;949 20 96 33;www.arquitectura.uah.es;direccioneuat.guada@uah.es
189;Escuela Politécnica Superior Campus CientíficoTecnológico;12;Crta. de Barcelona, Km. 33,600 28871 Alcalá de Henares (Madrid);91 885 65 18;www.uah.es/escuelapolitecnica;secalum.politecnica@uah.es
198;Escuela Politécnica Superior Campus CientíficoTecnológico Ctra;12;;91 885 65 18;www.uah.es/escuelapolitecnica;secalum.politecnica@uah.es
203;Escuela Politécnica Superior Campus Científico Tecnológico Ctra;12;;91 885 65 18;www.uah.es/escuelapolitecnica;secalum.politecnica@uah.es
24;Facultad de Ciencias Sociales y Humanidades;13;Crta. de La Coruña, Km. 38,500 Vía de Servicio, 15 28400 Collado Villalba (Madrid);902 02 00 03 / 91 189 69 99 / 91 856 16 99;www.udima.es;informa@udima.es
56;Facultad de Ciencias Económicas y Empresariales Ctra;13;;902 02 00 03 / 91 189 69 99 / 91 856 16 99;www.udima.es;informa@udima.es
65;Facultad de Ciencias Jurídicas Carretera de La Coruña, Km;13;;902 02 00 03 / 91 189 69 99 / 91 856 16 99;www.udima.es;informa@udima.es
109;Facultad Ciencias Económicas y Empresariales Ctra;13;;91 189 69 99;www.udima.es;informa@udima.es
166;Facultad Ciencias de la Salud y de la Educación Ctra;13;;902 02 00 03 / 91 189 69 99 / 91 856 16 99;www.udima.es;informa@udima.es
187;Escuela de Ciencias Técnicas e Ingeniería Ctra;13;;902 02 00 03 / 91 189 69 99;www.udima.es;informa@udima.es
28;Facultad de Filología;15;Paseo de la Senda del Rey, 7 28040 Madrid;91 398 67 03;www.uned.es;negociado.alumnos.filologia@adm.uned.es
38;Facultad de Ciencias de la Actividad Física y del Deporte (INEF) Campus Ciudad Universitaria;17;Avda. Martín Fierro, 7 28040 Madrid;91 067 78 98;www.inef.upm.es;informacion.academica@upm.es
127;Escuela Técnica Superior de Ingeniería Agronómica, Alimentaria y de Biosistemas Campus Ciudad Universitaria;17;Avda. Puerta de Hierro, 2 4 28040 Madrid;91 067 07 24;www.etsiaab.upm.es;gestion.administrativa.etsiaab@upm.es | secretaria.alumnos.etsiaab@upm.es
136;Escuela Politécnica de Enseñanza Superior (EPES);17;;;;
175;Escuela Técnica Superior de Ingenieros Navales Campus Ciudad Universitaria;17;Avda. de la Memoria, 4 28040 Madrid;91 067 61 00;www.etsin.upm.es;acceso.universidad@upm.es | informacionyservicios.navales@upm.es
177;Escuela Técnica Superior de Ingenieros en Topografía, Geodesia y Cartografía Campus Sur;17;C/ Mercator, 2 28031 Madrid;91 067 38 24;www.topografia.upm.es;informacion.academica@upm.es
178;Escuela Técnica Superior de Ingeniería Aeronáutica y del Espacio Campus Ciudad Universitaria;17;Pza. del Cardenal Cisneros, 3 28040 Madrid;91 067 55 34;www.etsiae.upm.es;info.aeroespacial@upm.es
179;Escuela Técnica Superior de Ingeniería de Montes, Forestal y del Medio Natural Campus Ciudad Universitaria;17;C/ Jose Antonio Novais, 10 28040 Madrid;91 067 14 24;www.montesymedionatural.upm.es;info.alumnadom.montes@upm.es
185;Escuela Técnica Superior de Ingenieros de;17;Caminos, Canales y Puertos Campus Ciudad Universitaria C/ Profesor Aranguren, 3 28040 Madrid;91 067 40 00 / 91 067 40 24 / 91 067 45 34;www.caminos.upm.es;acceso.universidad@upm.es
186;Escuela Técnica Superior de Ingeniería y Diseño Industrial Campus Madrid Ciudad Ronda de Valencia, 3 28012 Madrid Tels;17;;91 067 74 24;www.etsidi.upm.es;secretaria.estsidi@upm.es
192;Escuela Técnica Superior de Ingenieros de Minas y Energía Campus Madrid Ciudad;17;C/ Ríos Rosas, 21 28003 Madrid;91 067 66 02;www.minasyenergia.upm.es;gia@upm.es
200;Escuela Técnica Superior de Ingeniería de Sistemas de Telecomunicación Campus Sur;17;C/ Nikola Tesla, s/n Ctra. de Valencia, Km. 7 28031 Madrid;91 067 32 24;www.etsist.upm.es;secrealumnos.etsist@upm.es
202;Escuela Técnica Superior de Ingenieros de Telecomunicación Campus de Ciudad Universitaria;17;Avda. Complutense, 30 28040 Madrid;91 067 19 00;www.etsit.upm.es;informacion.academica@upm.es | secretaria.alumnos@etsit.upm.es
204;Escuela Técnica Superior de Ingenieros de Telecomunicación Campus Moncloa;17;Avda. Complutense, nº 30 28040 Madrid;91 067 19 00 / 91 067 32 00;www.etsit.upm.es;informacion.academica@upm.es
208;Escuela Técnica Superior de Ingeniería de Sistemas Informáticos Campus Sur;17;C/ Alan Turing, s/n Ctra. de Valencia, km 7 28031 Madrid;91 067 35 24;www.etsist.upm.es;negociado.alumnos.etsisi@upm.es
209;Escuela Técnica Superior de Ingenieros Informáticos Campus de Montegancedo 28660 Boadilla del Monte (Madrid) Tels;17;;91 067 27 24;www.etsist.upm.es;secretaria@fi.upm.es
39;Facultad de Ciencias Humanas y Sociales Comillas Cantoblanco;16;C/ Universidad de Comillas, 35 28049 Madrid;91 452 28 00;www.comillas.edu;grado@comillas.edu
145;Escuela Universitaria de Enfermería y Fisioterapia “San Juan de Dios”;16;Avda. de San Juan de Dios, 1 28350 Ciempozuelos (Madrid);91 893 37 69;www.comillas.edu;oia@comillas.edu
41;Facultad CC;18;;902 02 00 03 / 91 189 69 99 / 91 856 16 99;www.udima.es;informa@udima.es
52;Facultad de Comunicación y Humanidades Campus Villafranca;19;C/ Castillo de Alarcón, 49 Urb. Villafranca del Castillo 28692 Villanueva de la Cañada (Madrid);91 815 31 31;www.ucjc.edu;info@ucjc.edu
64;Facultad de Comunicación y Humanidades;19;C/ Castillo de Alarcón, 49 Urb. Villafranca del Castillo 28692 VIllanueva de la Cañada (Madrid);91 815 31 31;www.ucjc.es;info@ucjc.es
84;Facultad de Educación Campus Villafranca;19;C/ Castillo de Alarcón, 49 28692 Villanueva de la Cañada (Madrid);91 815 31 31;www.ucjc.edu;info@ucjc.edu
89;Facultad de Tecnología y Ciencia Campus de Almagro;19;C/ Almagro, 5 28010 Madrid;91 298 01 23;www.ucjc.edu;info@ucjc.edu
90;Facultad de Tecnología y Ciencia;19;C/ Castillo de Alarcón, 49 Urb. Villafranca del Castillo 28692 Villanueva de la Cañada (Madrid);91 815 31 31;www.ucjc.edu;info@ucjc.edu
94;Facultad de Tecnología y Ciencia Campus Almagro;19;C/ Almagro, 5 28010 Madrid;91 298 01 23;www.ucjc.edu;info@ucjc.edu
140;Facultad de Salud;19;C/ Castillo de Alarcón, 49 Urb. Villafranca del Castillo 28692 Villanueva de la Cañada (Madrid);91 815 31 31;www.ucjc.edu;info@ucjc.edu
53;Facultad de Derecho Campus Moncloa;21;C/ Julián Romea, 23 28003 Madrid;91 456 63 00 / 91 514 04 00;www.uspceu.com;info.usp@ceu.es
117;Facultad de Farmacia Campus de Montepríncipe;21;Urb. Montepríncipe 28925 Alcorcón (Madrid);91 372 47 00;www.uspceu.com;info.usp@ceu.es
66;Facultad de Derecho;24;C/ Alberto Aguilera, 23 28015 Madrid;91 542 28 00;www.comillas.edu;grado@comillas.edu
100;Facultad Ciencias Sociales y Humanidades Ctra;26;;91 189 69 99 / 91 856 16 99;www.udima.es;informa@udima.es
