id,nombre,direccion,telefonos,webs,emails,id_universidad
1,Facultad de Filosofía Paseo de la Senda del Rey,"Paseo de la Senda del Rey, 7 (Edificio Humanidades del campus sur) 28040 Madrid",91 398 69 03,www.uned.es,negociado.alumnos.filosofia@adm.uned.es,1
2,Centro de Educación Superior TAI,,,,,2
3,Facultad de Comunicación y Artes Campus de MadridPrincesa C/ Santa Cruz de Marcenado,"C/ Santa Cruz de Marcenado, 27 28015 Madrid",91 452 11 03,www.nebrija.com,informa@nebrija.com,4
4,Facultad de Bellas Artes Campus de Moncloa C/ Pintor el Greco,"C/ Pintor el Greco, 2 28040 Madrid",91 394 35 60,www.ucm.es,safba@ucm.es,5
5,Facultad de Ciencias de la Comunicación Ctra,,91 351 03 03 / 91 709 14 00,www.ufv.es,info@ufv.es,6
6,Facultad de Artes y Humanidades Campus de Aranjuez Edificio Pavía C/ San Pascual,"C/ San Pascual, s/n 28300 Aranjuez (Madrid)",91 488 44 21,www.urjc.es,aranjuez.secretariadealumnos@urjc.es,7
7,Facultad de Comunicación y Artes Campus MadridPrincesa C/ Santa Cruz de Marcenado,"C/ Santa Cruz de Marcenado, 27 28015 Madrid",91 452 11 03,www.nebrija.com,informa@nebrija.com,4
8,Facultad de Artes y Humanidades Campus de Fuenlabrada Camino del Molino,,91 488 84 01,www.urjc.es,fuenlabrada.secretariadealumnos@urjc.es,7
9,Facultad de Comunicación y Humanidades C/ Castillo de Alarcón,"C/ Castillo de Alarcón, 49 Urb. Villafranca del Castillo 28692 Villanueva de la Cañada (Madrid)",91 815 31 31,www.ucjc.edu,info@ucjc.edu,9
10,Facultad de Música y Artes Escénicas Avda,"Avda. Comandante Franco, 10 bis 28016 Madrid",91 810 92 00,www.uax.es,info@uax.es,10
11,Escuela Politécnica Superior Campus Dehesa de la Villa C/ Pirineos,"C/ Pirineos, 55 28040 Madrid",91 452 11 00,www.nebrija.com,informa@nebrija.es,11
12,Facultad de Humanidades y Ciencias de la Comunicación Campus de Moncloa C/ Julián Romea,"C/ Julián Romea, 18 28003 Madrid",91 514 04 04 / 91 555 25 28,www.udit.es | www.uspceu.com,info.usp@ceu.es | secretaria.alumnos@udit.es,12
13,Escuela de Arquitectura,,91 414 66 11 / 91 740 72 72,www.universidadeuropea.es/madrid,ads@uem.es,13
14,Facultad de Artes y Humanidadess Campus de Aranjuez Edificio Pavía C/ San Pascual,"C/ San Pascual, s/n 28300 Aranjuez (Madrid)",91 488 44 21 / 91 555 25 28,www.udit.es | www.urjc.es,aranjuez.secretariadealumnos@urjc.es | secretaria.alumnos@udit.es,7
15,Escuela Politécnica Superior Campus de Montepríncipe Ctra,,91 372 40 35,www.uspceu.com,info.usp@ceu.es,18
16,Facultad de Humanidades,"C/ Madrid, 133 28903 Getafe (Madrid)",91 624 60 00,www.uc3m.es,futuroestudiantes@uc3m.es,19
17,Facultad de Filosofía y Letras Campus de Cantoblanco C/ Francisco Tomás y Valiente,,91 497 43 54,www.uam.es,informacion.filosofia@uam.es,20
18,Facultad de Filología Campus de Moncloa Plaza Menéndez Pelayo,"Plaza Menéndez Pelayo, s/n Ciudad Universitaria 28040 Madrid",91 394 53 43,www.ucm.es,infocom@ucm.es,5
19,Facultad de Filosofía y Letras Campus Cantoblanco C/ Francisco Tomás y Valiente,,91 497 43 54,www.uam.es,informacion.filosofia@uam.es,20
20,Facultad de Filosofía Campus de Moncloa Plaza de Menéndez Pelayo,"Plaza de Menéndez Pelayo, s/n Ciudad Universitaria 28040 Madrid",91 394 59 82,www.ucm.es,salfilo@ucm.es,5
21,Facultad de Ciencias Humanas y Sociales C/ Universidad Comillas,"C/ Universidad Comillas, 35 28049 Madrid",91 734 39 50,www.comillas.edu,grado@comillas.edu,21
22,Facultad de Geografía e Historia Campus de Moncloa C/ Profesor Aranguren,"C/ Profesor Aranguren, s/n Ciudad Universitaria 28040 Madrid",91 394 59 90,www.ucm.es,secretariagh@ucm.es,5
23,Facultad de Geografía e Historia Paseo de la Senda del Rey,"Paseo de la Senda del Rey, 7 28040 Madrid",91 398 67 04,www.uned.es,negociado.geohist@adm.uned.es,1
24,Facultad de Filosofía y Letras Campus Histórico C/ Colegios,"C/ Colegios, 2 Colegio de Málaga 28801 Alcalá de Henares (Madrid)",91 885 43 13,www.uah.es/facultadfilosofiayletras,decanato.fyl@uah.es | secalum.filosofia@uah.es,22
25,Facultad de Geografía e Historia C/ Profesor Aranguren,"C/ Profesor Aranguren, s/n Ciudad Universitaria 28040 Madrid",91 394 59 90,www.ucm.es,secretariagh@ucm.es,5
26,Facultad de CC,,91 740 72 72,www.universidadeuropea.es/madrid,ads@uem.es,13
27,Facultad de Ciencias Edificio de Biología Campus Cantoblanco C/ Darwin,"C/ Darwin, 2 28049 Madrid",91 497 43 31,www.uam.es,informacion.ciencias@uam.es,20
28,Facultad de Filosofía y Letras Campus Histórico C/ Trinidad,,91 885 43 13,www.uah.es/facultadfilosofiayletras,decanato.fyl@uah.es | secalum.filosofia@uah.es,22
29,Facultad de Artes y Humanidades Campus Fuenlabrada Camino del Molino,,91 488 84 01,www.urjc.es,fuenlabrada.secretariadealumnos@urjc.es,7
30,Facultad de Filología Paseo de la Senda del Rey,"Paseo de la Senda del Rey, 7 28040 Madrid",91 398 67 03,www.uned.es,negociado.alumnos.filologia@adm.uned.es,24
31,Escuela de Ingeniería de Fuenlabrada Campus de Fuenlabrada Camino del Molino,,91 488 84 01,www.urjc.es,fuenlabrada.secretariadealumnos@urjc.es,7
32,Facultad de Filosofía y Letras Campus Guadalajara C/ Madrid,"C/ Madrid, 1 19001 Guadalajara",91 885 43 13 / 91 885 50 00,www.uah.es/facultadfilosofiayletras,decanato.fyl@uah.es,22
33,Facultad de Ciencias Sociales y de la Comunicación Campus de Villaviciosa de Odón C/ Tajo,,91 740 72 72,www.universidadeuropea.es/madrid,ads@uem.es,13
34,Facultad de Ciencias Humanas y Sociales C/ Universidad de Comillas,"C/ Universidad de Comillas, 3 28049 Madrid",91 734 39 21,www.comillas.edu,grado@comillas.edu,25
35,Facultad de Artes y Humanidades Campus Aranjuez Edificio Maestro Rodrigo C/ Infantas,"C/ Infantas, 55 28300 Aranjuez (Madrid)",91 488 44 21 / 91 488 70 26,www.urjc.es,aranjuez.secrealumnos@urjc.es,7
36,Facultad de Ciencias Políticas y Sociología Campus de Somosaguas 28223 Pozuelo de Alarcón (Madrid) Tels,,91 394 29 52,www.ucm.es,inforoir@ucm.es | secre.alumnos@cps.upm.es,5
37,Facultad de Formación de Profesorado y Educación Campus Cantoblanco Avda,,91 497 86 22,www.uam.es,gestiongrado.fprofesorado@uam.es,20
38,Facultad de Ciencias de la Actividad Física y el Deporte Campus de Villaviciosa de Odón C/ Tajo,,91 740 72 72,www.universidadeuropea.es/madrid,ads@universidadeuropea.es,13
39,Facultad de Ciencias de la Actividad Física y del Deporte (INEF) Campus Ciudad Universitaria Avda,"Avda. Martín Fierro, 7 28040 Madrid",91 067 78 98,www.inef.upm.es,informacion.academica@upm.es,26
40,Facultad de Ciencias Humanas y Sociales Comillas Cantoblanco C/ Universidad de Comillas,"C/ Universidad de Comillas, 35 28049 Madrid",91 452 28 00,www.comillas.edu,grado@comillas.edu,25
41,Facultad de Ciencias de la Educación y del Deporte y Estudios Interdisciplinares Campus Alcorcón Avda,"Avda. de Atenas, s/n 28922 Alcorcón (Madrid)",91 488 89 17,www.urjc.es,alcorcon.secretariadealumnos@urjc.es,7
42,Facultad CC,,902 02 00 03 / 91 189 69 99 / 91 856 16 99,www.udima.es,informa@udima.es,27
43,Facultad de Derecho Campus de Moncloa Avda,"Avda. Complutense, s/n Ciudad Universitaria 28040 Madrid",91 394 54 28,www.ucm.es,gradorrll@ucm.es,5
44,Facultad de Ciencias Jurídicas y Políticas Campus Madrid Paseo Artilleros,"Paseo Artilleros, s/n 28032 Vicálvaro (Madrid)",91 488 00 00 / 91 488 78 00 / 91 488 89 17,www.urjc.es,fcjs.secretariaacademica@urjc.es,7
45,Facultad de Ciencias Sociales y Jurídicas C/ Madrid,"C/ Madrid, 126 28903 Getafe (Madrid)",91 624 60 00,www.uc3m.es,futurosestudiantes@uc3m.es,19
46,Facultad de Ciencias Sociales y Jurídicas Campus de Getafe C/ Madrid,"C/ Madrid, 126 28903 Getafe (Madrid)",91 624 60 00,www.uc3m.es,futurosestudiantes@uc3m.es,19
47,Facultad de Ciencias Políticas y Sociología Campus Somosaguas 28223 Pozuelo de Alarcón (Madrid) Tel,,91 394 29 60,www.ucm.es,inforoir@ucm.es,5
48,Facultad de Derecho Campus de Cantoblanco C/ Kelsen,"C/ Kelsen, 1 28049 Madrid",91 497 81 51,www.uam.es/oae/contacto,informacion.derecho@uam.es,20
49,Facultad de Ciencias Jurídicas y Políticas Campus Madrid Paseo de los Artilleros,"Paseo de los Artilleros, s/n 28032 Vicálvaro (Madrid)",91 488 78 00 / 91 488 79 27 / 91 488 84 01,www.urjc.es,fuenlabrada.secretariadealumnos@urjc.es | madrid.secretariaalumnos@urjc.es,7
50,Facultad de Ciencias Políticas y Sociología C/ Del Obispo Trejo,,91 398 89 58,www.uned.es,alumnos.poli@adm.uned.es | infouned@adm.uned.es,1
51,Facultad de Estudios Sociales y Lenguas Aplicadas Campus de Villanueva de la Cañada Avda,"Avda. de la Universidad, 1 28691 Villanueva de la Cañada (Madrid)",91 810 92 00,www.uax.es,info@uax.es,10
52,Facultad de Derecho y de Relaciones Inter nacionales Campus MadridPrincesa C/ Santa Cruz de Marcenado,"C/ Santa Cruz de Marcenado, 27 28015 Madrid",91 452 11 03,www.nebrija.com,informa@nebrija.com,4
53,Facultad de Comunicación y Humanidades Campus Villafranca C/ Castillo de Alarcón,"C/ Castillo de Alarcón, 49 Urb. Villafranca del Castillo 28692 Villanueva de la Cañada (Madrid)",91 815 31 31,www.ucjc.edu,info@ucjc.edu,9
54,Facultad de Derecho Campus Moncloa C/ Julián Romea,"C/ Julián Romea, 23 28003 Madrid",91 456 63 00 / 91 514 04 00,www.uspceu.com,info.usp@ceu.es,12
55,Facultad de Ciencias Políticas y Sociología Campus Somosaguas 28223 Pozuelo de Alarcón (Madrid) Tels,,91 394 29 52,www.ucm.es,inforoir@ucm.es | secre.alumnos@cps.ucm.es,5
56,Facultad de Comercio y Turismo Campus Moncloa Avda,"Avda. de Islas Filipinas, 3 28003 Madrid",91 394 67 66,www.ucm.es,alumnos.fct@ucm.es,5
57,Facultad de Ciencias Económicas y Empresariales Ctra,,902 02 00 03 / 91 189 69 99 / 91 452 41 00 / 91 856 16 99,www.esic.edu/university | www.udima.es,info.madrid@esic.edu | informa@udima.es,27
58,Escuela Superior Empresarial Relaciones Públicas ESERP (Adscrita de titularidad privada a la,,,,,29
59,Facultad de Derecho,,91 351 03 03 / 91 709 14 00,www.ufv.es,info@ufv.es,6
60,Facultad de Ciencias de la Economía y de la Empresa Campus Madrid Vicálvaro Paseo de los Artilleros,"Paseo de los Artilleros, s/n 28032 Vicálvaro (Madrid)",91 488 44 17 / 91 488 70 26 / 91 488 78 00 / 91 488 79 27 / 91 488 84 01 / 91 661 74 35,www.urjc.es,aranjuez.secretariadealumnos@urjc.es | fcjs.secretariaacademica@urjc.es,7
61,Facultad de Ciencias Económicas y Empresariales Campus de Moncloa C/ Julián Romea,"C/ Julián Romea, 23 28003 Madrid",91 456 63 00,www.uspceu.com,info.usp@ceu.es,12
62,Facultad de Ciencias Sociales y Jurídicas C/ de la Costa Brava,"C/ de la Costa Brava, 6 28034 Madrid",91 734 04 13,www.villanueva.edu,info@villanueva.edu,32
63,Facultad de Derecho Campus de Moncloa C/ Obispo Trejo,,91 398 81 33,www.uned.es,negociadosecretaria@der.uned.es,1
64,Facultad de Derecho Campus Moncloa Avda,"Avda. Complutense, s/n Ciudad Universitaria 28040 Madrid",902 02 00 03 / 91 189 69 99 / 91 394 54 28 / 91 856 16 99,www.ucm.es | www.udima.es,gradocriminología@ucm.es | informa@udima.es | informacion@ucm.es,5
65,Facultad de de Derecho,,91 351 03 03,www.ufv.es,info@ufv.es,6
66,Facultad de Derecho Campus Moncloa C/ Obispo Trejo,,91 398 81 33,www.uned.es,negociadosecretaria@der.uned.es,1
67,Facultad de Derecho y de Relaciones Internacionales Campus Madrid Princesa C/ Santa Cruz de Marcenado,"C/ Santa Cruz de Marcenado, 27 28015 Madrid",91 452 11 01,www.nebrija.com,informa@nebrija.com,4
68,Facultad de Derecho Campus Histórico C/ Libreros,"C/ Costa Rica, 9 28016 Madrid",91 350 12 12 / 91 885 43 13,www.eserp.com | www.uah.es/facultadderecho,ciu@uah.es | info@eserp.com | secalum.derecho@uah.es,34
69,Facultad de Ciencias Sociales Campus MadridPrincesa C/ Santa Cruz de Marcenado,"C/ Santa Cruz de Marcenado, 27 28015 Madrid",91 452 11 03,www.nebrija.com,informa@nebrija.com,4
70,Facultad de Derecho Campus de Moncloa C/ Julián Romea 23 28003 Madrid Tels,C/ Julián Romea 23 28003 Madrid,91 456 63 00 / 91 514 04 00,www.uspceu.com,info.usp@ceu.es | secretariamoncloa@ceu.es,12
71,Facultad de Derecho C/ Alberto Aguilera,"C/ Alberto Aguilera, 23 28015 Madrid",91 542 28 00,www.comillas.edu,grado@comillas.edu,36
72,Facultad de Ciencias Económicas,,91 885 43 13,www.uah.es,ciu@uah.es | secalum.economicas@uah.es,22
73,Facultad de Ciencias Económicas y Empresariales Campus de Cantoblanco C/ Francisco Tomás y Valiente,,91 497 43 07,www.uam.es,grado.economia.economicas@uam.es,20
74,Facultad de Ciencias Sociales y Jurídicas Campus Getafe C/ Madrid,"C/ Madrid, 126 28903 Getafe (Madrid)",91 624 60 00,www.uc3m.es,futurosestudiantes@uc3m.es,19
75,Facultad de Ciencias Económicas y Empresariales Paseo Senda del Rey,"Paseo Senda del Rey, 11 28040 Madrid",91 398 63 04,www.uned.es,negociado.economicas@adm.uned.es,1
76,Facultad de Ciencias de la Economía y de la Empresa Campus Madrid Paseo de los Artilleros,"Paseo de los Artilleros, s/n 28032 Vicálvaro (Madrid)",91 488 70 26 / 91 488 78 00 / 91 488 84 01 / 91 664 74 35,www.urjc.es,fuenlabrada.secretariadealumnos@urjc.es | madrid.secretariaalumnos@urjc.esFacultad | mostoles.secretariadealumnos@urjc.es,7
77,Facultad de Ciencias Económicas y Empresariales Campus Moncloa C/ Julián Romea,"C/ Julián Romea, 23 28003 Madrid",91 456 63 00 / 91 514 04 00,www.uspceu.com,info.usp@ceu.es,12
78,Facultad de Economía y Empresa Campus MadridPrincesa C/ Santa Cruz de Marcenado,"C/ Santa Cruz de Marcenado, 27 28015 Madrid",91 452 11 01,www.nebrija.com,informa@nebrija.com,4
79,Facultad de Ciencias Económicas y Empresariales Campus de Somosaguas 28223 Pozuelo de Alarcón (Madrid) Tels,,91 394 29 99,www.ucm.es,informacion@ccee.ucm.es,5
80,Facultad de Ciencias de la Economía y de la Empresa Campus Madrid Paseo Artilleros,"Paseo Artilleros, s/n 28032 Vicálvaro (Madrid)",91 488 70 26 / 91 488 78 00 / 91 488 84 01 / 91 664 74 35,www.urjc.es,fuenlabrada.secretariadealumnos@urjc.es | madrid.secretariaalumnos@urjc.es | mostoles.secretariadealumnos@urjc.es,7
81,Facultad de Educación Avda,"Avda. de la Universidad, 1 28691 Villanueva de la Cañada (Madrid)",91 810 92 00,www.uax.es,info@uax.es,10
82,Facultad de Ciencias Lenguas y Educación Campus MadridPrincesa C/ Santa Cruz de Marcenado,"C/ Santa Cruz de Marcenado, 27 28015 Madrid",91 452 11 03,www.nebrija.com,informa@nebrija.com,4
83,Facultad de Educación y Psicología Ctra,,91 351 03 03 / 91 709 14 00,www.ufv.es,info@ufv.es,6
84,Facultad de Ciencias de la Educación y del Deporte y Estudios Interdisciplinares Campus Madrid Paseo de los Artilleros,"Paseo de los Artilleros, s/n 28032 Vicálvaro (Madrid)",91 488 70 26 / 91 488 78 00 / 91 488 84 01 / 91 664 74 35,www.urjc.es,fuenlabrada.secretariadealumnos@urjc.es | mostoles.secretariadealumnos@urjc.es,7
85,Escuela Superior Empresarial de Relaciones Públicas ESERP (Adscrita de titularidad privada a la,,,,,43
86,Facultad de Educación C/ Juan del Rosal,"C/ Juan del Rosal, 14 28040 Madrid",91 398 82 80,www.uned.es,secre.edu@adm.uned.es,1
87,Facultad de Formación de Profesorado y Educación Campus de Cantoblanco C/ Francisco Tomás y Valiente,,91 497 86 64,www.uam.es,gestiongrado.fprofesorado@uam.es,20
88,Facultad de Ciencias Sociales y de la Comunicación Campus de Villaviciosa de Odón C/ Tajo s/n,,91 740 72 72,www.universidadeuropea.es/madrid,ads@universidadeuropea.es,13
89,Facultad de Lenguas y Educación Campus MadridPrincesa C/ Santa Cruz de Marcenado,,91 452 11 03,www.nebrija.com,informa@nebrija.com,4
90,Facultad de Ciencias Jurídicas y Sociales Campus Madrid Paseo de los Artilleros,"Paseo de los Artilleros, s/n 28032 Vicálvaro (Madrid)",91 488 70 26 / 91 488 78 00 / 91 488 84 01 / 91 664 74 35,www.urjc.es,fuenlabrada.secretariadealumnos@urjc.es | madrid.secretariadealumnos@urjc.es | mostoles.secretariadealumnos@urjc.es,7
91,Facultad de Educación Campus Villafranca C/ Castillo de Alarcón,"C/ Castillo de Alarcón, 49 28692 Villanueva de la Cañada (Madrid)",91 815 31 31,www.ucjc.edu,info@ucjc.edu,9
92,Facultad de Educación Campus Ciudad Universitaria Edificio La Almudena C/ Rector Royo Villanova,"C/ Rector Royo Villanova, s/n Ciudad Universitaria 28040 Madrid",91 394 61 19,www.ucm.es,secre.alumnos@edu.ucm.es,5
93,Centro de enseñanza online) C/ Costanilla de San Pedro,"C/ Costanilla de San Pedro, 2 28005 Madrid",91 357 94 15,www.imfice.es,info@imfice.es,49
94,Facultad de Estudios Sociales y Lenguas Aplicadas Avda,"Avda. de la Universidad, 1 28691 Villanueva de la Cañada (Madrid)",91 810 92 00,www.uax.es,info@uax.es,10
95,Facultad de Ciencias Económicas y Empresariales C/ Alberto Aguilera,"C/ Alberto Aguilera, 23 28015 Madrid",91 542 28 00,www.comillas.edu,grado@comillas.edu,54
96,Facultad de Ciencias de la Economía y de la Empresa Campus de Fuenlabrada Camino del Molino,"Paseo Artilleros, s/n 28032 Vicálvaro (Madrid)",91 488 70 26 / 91 488 78 00 / 91 488 84 01 / 91 664 74 35,www.urjc.es,fuenlabrada.secretariadealumnos@urjc.es | madrid.secretariaalumnos@urjc.es | mostoles.secretariadealumnos@urjc.es,7
97,Facultad de Ciencias de la Economía y de la Empresa Campus de Madrid Paseo Artilleros,"Paseo Artilleros, s/n 28032 Vicálvaro (Madrid)",91 488 78 00,www.urjc.es,madrid.secretariaalumnos@urjc.es,7
98,Facultad de Tecnología y Ciencia Campus de Almagro C/ Almagro,"C/ Almagro, 5 28010 Madrid",91 298 01 23,www.ucjc.edu,info@ucjc.edu,9
99,Facultad de Tecnología y Ciencia C/ Castillo de Alarcón,"C/ Castillo de Alarcón, 49 Urb. Villafranca del Castillo 28692 Villanueva de la Cañada (Madrid)",91 815 31 31,www.ucjc.edu,info@ucjc.edu,9
100,Facultad de Ciencias Sociales y Jurídicas Campus de Colmenarejo Avda,"Avda. Universidad Carlos III, 22 28270 Colmenarejo (Madrid)",91 444 51 61 / 91 624 60 00,www.cunef.edu | www.uc3m.es,futuroestudiantes@uc3m.es | info@cunef.edu,19
101,Facultad de Estudios Estadísticos Avda,"Avda. Puerta de Hierro, s/n Ciudad Universitaria 28040 Madrid",91 394 40 04,www.ucm.es,pweb@estad.ucm.es,5
102,Facultad de Geografía e Historia Edificio B Campus Ciudad Universitaria C/ Profesor Aranguren,"C/ Profesor Aranguren, s/n Ciudad Universitaria 28040 Madrid",91 394 57 41,www.ucm.es,informacion@ucm.es,5
103,Facultad de Ciencias de la Documentación C/ Santísima Trinidad,,91 394 66 62,www.ucm.es,infccdoc@ucm.es,5
104,Facultad de Ciencias de la Educación y del Deporte y Estudios Interdisciplinares Campus de Alcorcón Avda,"Avda. de Atenas, s/n 28922 Alcorcón (Madrid)",91 488 83 46 / 91 488 89 17,www.urjc.es,alcorcon.secretariadealumnos@urjc.es | ferraz.secretaria@urjc.es,7
105,Facultad de Ciencias de la Información Campus Ciudad Universitaria Avda,"Avda. Complutense, s/n Ciudad Universitaria 28040 Madrid",91 394 21 12,www.ucm.es,secre.alumnos@ccinf.ucm.es,5
106,Facultad de Ciencias Sociales y de la Comunicación Campus Villaviciosa de Odón C/ Tajo,,91 740 72 72,www.universidadeuropea.es/madrid,ads@universidadeuropea.es,13
107,Facultad de Ciencias de la Comunicación Campus de Fuenlabrada Camino del Molino,"Paseo de Artilleros, s/n 28032 Vicálvaro (Madrid)",91 488 78 00 / 91 488 84 01,www.urjc.es,fuenlabrada.secretariadealumnos@urjc.es | madrid.secretariaalumnos@urjc.es,7
108,Facultad de Humanidades y Ciencias de la Comunicación Campus de Moncloa Paseo de Juan XXIII,"Paseo de Juan XXIII, 10 28040 Madrid",91 456 63 00 / 91 514 04 04,www.uspceu.com,info.usp@ceu.es,12
109,Facultad de Ciencias Sociales y de la Co municación Campus de Villaviciosa de Odón C/ Tajo,,91 740 72 72,www.universidadeuropea.es/madrid,ads@universidadeuropea.es,13
110,Facultad de Tecnología y Ciencia Campus Almagro C/ Almagro,"C/ Almagro, 5 28010 Madrid",91 298 01 23,,ucjc@ucjc.edu,9
111,Facultad de Trabajo Social Campus de Somosaguas 28223 Pozuelo de Alarcón (Madrid) Tels,,91 394 29 99,www.ucm.es,infotrs@trs.ucm.es,5
112,Facultad de Ciencias Jurídicas y Política Campus de Alcorcón Avda,"Avda. de Atenas, s/n 28922 Alcorcón (Madrid)",91 488 88 00 / 91 488 89 17,www.urjc.es,alcorcon.secretariadealumnos@urjc.es,7
113,Facultad de Economía y Empresa C/ Santa Cruz de Marcenado,"C/ Santa Cruz de Marcenado, 27 28015 Madrid",91 452 11 03,www.nebrija.com,informa@nebrija.com,4
114,Facultad de Comercio y Turismo Avda,"Avda. Filipinas, 3 28003 Madrid",91 394 67 67,www.ucm.es,alumnos.fct@ucm.es,5
115,Facultad Ciencias Económicas y Empresariales Paseo Senda del Rey,"Paseo Senda del Rey, 11 28040 Madrid",91 398 63 04,www.uned.es,negociado.economicas@adm.uned.es,1
116,Facultad de Ciencias de la Economía y de la Empresa Facultad de Ciencias de la Econo mía y de la Empresa Campus de Madrid Paseo Artilleros,"Paseo Artilleros, s/n 28032 Vicálvaro (Madrid)",91 189 69 99 / 91 488 78 00 / 91 488 84 01,www.udima.es | www.urjc.es,fuenlabrada.secretariadealumnos@urjc.esUniversidad | informa@udima.es | madrid.secretariaalumnos@urjc.es,7
117,Facultad de Ciencias de la Comunicación Campus Madrid Paseo Artilleros,"Paseo Artilleros, s/n 28032 Vicálvaro (Madrid)",91 488 79 27 / 91 488 83 46,www.urjc.es,ferraz.secretariadealumnos@urjc.es | mostoles.secretariadealumnos@urjc.es,7
118,Facultad de Ciencias Campus CientíficoTecnológico Crta,,91 885 49 16,www.uah.es/facultadciencias,decanato.biologia@uah.es,22
119,Facultad de Ciencias Biológicas C/ José Antonio Novais,"C/ José Antonio Novais,12 Ciudad Universitaria 28040 Madrid",91 394 50 29,www.ucm.es,biosecrest@ucm.es,5
120,Escuela Superior de Ciencias Experimentales y Tecnología Campus Mostoles C/ Tulipán,,91 664 74 18,www.urjc.es,escet.director@urjc.es,55
121,Facultad de Farmacia Campus de Villanueva de la Cañada Avda,"Avda. de la Universidad, 1 28691 Villanueva de la Cañada (Madrid)",91 810 92 00,www.uax.es,info@uax.es,10
122,Facultad de Ciencias Biomédicas y de la Salud Campus de Villaviciosa de Odón C/ Tajo,,91 414 66 11 / 91 740 72 72,www.universidadeuropea.es/madrid,ads@universidadeuropea.es,13
123,Facultad de Ciencias Experimentales Ctra,,91 351 03 03,www.ufv.es,info@ufv.es,6
124,Facultad de Farmacia Campus de Montepríncipe Urb,,91 372 47 00,www.uspceu.com,info.usp@ceu.es,12
125,Facultad de Ciencias Edificio de Biología Campus de Cantoblanco C/ Darwin,"C/ Darwin, 2 28049 Madrid",91 497 83 49,www.uam.es,informacion.ciencias@uam.es,20
126,Escuela Politécnica Superior Edificio Sabatini,"Avda. de la Universidad, 30 28911 Leganés (Madrid)",91 624 60 00,www.uc3m.es,futurosestudiantes@uc3m.esUniversidad,59
127,Escuela Superior de Ciencias Experimentales y Tecnología Campus de Móstoles C/ Tulipán,,91 664 74 18,www.urjc.es,escet.director@urjc.es,55
128,Facultad de Ciencias Edificio de Ciencias de los Alimentos Campus de Cantoblanco C/ Max,"C/ Max, 10 28049 Madrid",91 394 43 31,www.uam.es,informacion.ciencias@uam.es,20
129,Facultad de Veterinaria Avda,"Avda. Puerta del Hierro, s/n Ciudad Universitaria 28040 Madrid",91 394 38 76,www.ucm.es,gervet@ucm.es,5
130,Escuela Superior de Ciencias Experimentales y Tecnología Campus Móstoles C/ Tulipán,,91 664 74 18,www.urjc.es,escet.director@urjc.es,55
131,Facultad de Ciencias Campus Científico Tecnológico Ctra,,91 885 51 13,www.uah.es/facultadciencias,decanato.ambientales@uah.es,60
132,Facultad de Ciencias Campus de Cantoblanco Edificio Biología C/ Darwin,"C/ Darwin, 2 28049 Madrid",91 497 83 46,www.uam.es,informacion.ciencias@uam.es,20
133,Facultad de Ciencias Paseo Senda del Rey,"Paseo Senda del Rey, 9 28040 Madrid",91 398 89 03,www.uned.es,negociado.ambientales@adm.uned.es,1
134,Escuela Técnica Superior de Ingeniería Agronómica,"Avda. Puerta de Hierro, 2 4 28040 Madrid",91 067 07 24,www.etsiaab.upm.es,gestion.administrativa.etsiaab@upm.es | secretaria.alumnos.etsiaab@upm.es,26
135,Facultad de Ciencias Campus CientíficoTecnológico Ctra,,91 885 51 13,www.uah.es/facultadciencias,deca.criminalistica@uah.es,22
136,Escuela Politécnica Superior Campus de Villanueva de la Cañada Avda,"Avda. de la Universidad, 1 28691 Villanueva de la Cañada (Madrid)",91 810 92 00,www.uax.es,info@uax.es,61
137,Facultad de Ciencias Campus Cantoblanco C/ Francisco Tomás y Valiente,,91 497 43 31,www.uam.es,informacion.ciencias@uam.es,20
138,Facultad de Ciencias Físicas Ciudad Universitaria Plaza de Ciencias,"Plaza de Ciencias, 1 28040 Madrid",91 394 46 27,www.ucm.es,infofisicas@ucm.es,5
139,Escuela Politécnica Superior Campus Madrid Princesa C/ Santa Cruz de Marcenado,"C/ Santa Cruz de Marcenado, 27. 28015 Madrid",91 452 11 03,www.nebrija.com,informa@nebrija.es,4
140,Facultad de Ciencias Geológicas C/ José Antonio Novais,"C/ José Antonio Novais, 12 Ciudad Universitaria 28040 Madrid",91 394 48 37,www.ucm.es,infoweb@geo.ucm.es,5
141,Facultad de Ciencias Matemáticas Ciudad Universitaria Plaza de las Ciencias,"Plaza de las Ciencias, 3 28040 Madrid",91 394 46 24,www.ucm.es,sdamat@ucm.es,5
142,Escuela Técnica Superior de Ingeniería Informática Campus Móstoles C/ Tulipán,,91 488 76 23,www.urjc.es,etsii.info@urjc.es,62
143,Escuela Politécnica de Enseñanza Superior (EPES) Centro de impartición de la docencia,,,,,63
144,Facultad de Ciencias Paseo Senda de Rey,"Paseo Senda de Rey, 9 28040 Madrid",91 398 71 04 / 91 398 71 06,www.uned.es,,1
145,Facultad de Ciencias Químicas Ciudad Universitaria Plaza de las Ciencias,"Plaza de las Ciencias, 3 28040 Madrid",91 394 42 98,www.ucm.es,informacion@ucm.es,5
146,Facultad de Medicina y Ciencias de la Salud Campus CientíficoTecnológico Ctra,,91 885 48 55,www.medicinaycienciasdelasalud.uah.es,decanato.ccafyde@uah.es,22
147,Facultad de Ciencias de la Salud Campus de Villanueva de la Cañada Avda,"Avda. de la Universidad, 1 28691 Villanueva de la Cañada (Madrid)",91 810 92 00,www.uax.es,info@uax.es,10
148,Facultad de Salud C/ Castillo de Alarcón,"C/ Castillo de Alarcón, 49 Urb. Villafranca del Castillo 28692 Villanueva de la Cañada (Madrid)",91 815 31 31,www.ucjc.edu,info@ucjc.edu,9
149,Facultad de Ciencias CC,,91 351 03 03,www.ufv.es,info@ufv.es,6
150,Facultad de Medicina Campus Medicina UAM C/ Arzobispo Morcillo,"C/ Arzobispo Morcillo, 4 28029 Madrid",91 497 54 58,www.uam.es,informacion.medicina@uam.es,20
151,Escuela Universitaria de Enfermería Jiménez Díaz (Adscrita de titularidad privada a la,,,,,65
152,Escuela Universitaria de Enfermería Cruz Roja (Adscrita de titularidad privada a la,,,,,67
153,Facultad de Enfermería,,91 394 15 24,www.ucm.es,secre.alumnos@enf.ucm.es | secre.decaenf@ucm.es,5
154,Facultad de Ciencias de la Salud Ctra,,91 351 03 03 / 91 709 14 00,www.ufv.es,info@ufv.es,6
155,Escuela Universitaria de Enfermería y Fisioterapia “San Juan de Dios” Avda,"Avda. de San Juan de Dios, 1 28350 Ciempozuelos (Madrid)",91 893 37 69,www.comillas.edu,oia@comillas.edu,69
156,Facultad de Ciencias de la Salud Campus de Alcorcón Avda,"Avda. de Atenas, s/n 28922 Alcorcón (Madrid)",91 488 89 17 / 91 488 93 93,www.urjc.es,alcorcon.secretariadealumnos@urjc.es,7
157,Facultad de Medicina Campus de Monteprincipe Urb,,91 372 47 00,www.uspceu.com,info.usp@ceu.es,12
158,Facultad de Farmacia Campus CientíficoTecnológico Ctra,,91 885 46 69,www.uah.es/medicina,decanato.farmacia@uah.es,22
159,Facultad de Farmacia Campus de Moncloa Plaza de Ramón y Cajal,"Plaza de Ramón y Cajal, s/n Ciudad Universitaria 28040 Madrid",91 394 72 19,www.ucm.es,información@ucm.es,5
160,Facultad de Ciencias de la Salud Campus Alcorcón Avda,"Avda. de Atenas, s/n 28922 Alcorcón (Madrid)",91 488 89 17 / 91 488 93 93,www.urjc.es,alcorcon.secretariadealumnos@urjc.es,7
161,Facultad de Medicina y Ciencias de la Salud Campus Científico Tecnológico Ctra,,91 885 45 74,www.uah.es/medicina,decanato.enfermyfisiot@uah.es,22
162,Facultad de Psicología Campus de Somosaguas 28223 Pozuelo de Alarcón (Madrid) Tel,,91 394 31 78,www.ucm.es,conps@ucm.es,5
163,Facultad de Medicina y Ciencias de la Salud Campus CientíficoTecnológico Crta,,91 885 45 04,www.uah.es/medicina,ciu@uah.es | decanato.medicina@uah.es,22
164,Facultad de Ciencias de la Salud Avda,"Avda. de la Universidad, 1 28691 Villanueva de la Cañada (Madrid)",91 810 92 00,www.uax.es,info@uax.es,10
165,Facultad de Medicina Campus de Ciudad Universitaria Pza,,91 394 13 01,www.ucm.es,decmed@ucm.es | secre.alumnos@med.ucm.es,5
166,Facultad de Medicina Campus de Montepríncipe Urb,,91 372 47 00,www.uspceu.com,info.usp@ceu.es,12
167,Facultad de Ciencias Edificio de Ciencias Campus Cantoblanco C/ Francisco Tomás y Valiente,,91 497 35 18,www.uam.es,informacion.ciencias@uam.es,20
168,Facultad de Farmacia Urb,,91 372 47 00,www.uspceu.es,info.usp@ceu.es,12
169,Facultad de Odontología Campus de Ciudad Universitaria Pza,,91 394 19 10,www.ucm.es,infodon@pas.ucm.es,5
170,Facultad de Ciencias Biomédicas y de la Salud Campus de Villaviciosa de Odón y Clinicas Universitarias C/ Tajo,"Plaza Francisco Morano, s/n 28005 Madrid",91 385 88 00 / 91 526 81 00 / 91 740 72 72,www.universidadeuropea.es/madrid,ads@universidadeuropea.es | policlinica@universidadeuropea.es,13
171,Facultad de Óptica y Optometría Avda,"Avda. Arcos de Jalón, 118 28037 Madrid",91 394 68 76,www.ucm.es,infopt@ucm.es,5
172,Facultad de Farmacia Campus Montepríncipe Ctra,,91 372 47 00,www.uspceu.com,info.usp@ceu.es,12
173,Facultad de Psicología Campus Cantoblanco C/ Iván P,"C/ Iván P . Paulov, 6 28049 Madrid",91 497 40 46,www.uam.es,secretariagrado.psicologia@uam.es,20
174,Facultad de Psicología Campus Somosaguas 28223 Pozuelo de Alarcón (Madrid) Tel,,91 394 31 78,www.ucm.es,conpsi@ucm.es,5
175,Facultad de Ciencias Biomédicas y de la Salud Campus de Villaviciosa de Odón C/ Tajo s/n,C/ Fernando Alonso nº8 28108 Alcobendas (Madrid),91 740 72 72,www.universidadeuropea.es/madrid,ads@universidadeuropea.es,13
176,Facultad de Ciencias de la Salud C/ Costa Brava 2 y 6 28034 Madrid Tel,C/ Costa Brava 2 y 6 28034 Madrid,91 734 04 13,www.villanueva.edu,info@villanueva.edu,32
177,Facultad de Medicina Campus Montepríncipe Urb,,902 02 00 03 / 91 189 69 99 / 91 372 47 00 / 91 856 16 99,www.udima.es | www.uspceu.com,info.usp@ceu.esUniversidad | informa@udima.es,12
178,Facultad de Psicología Campus de Ciudad Universitaria C/ Juan del Rosal,"C/ Juan del Rosal, 10 Ciudad Universitaria 28040 Madrid",91 398 62 11,www.uned.es,infouned@adm.uned.es,1
179,Facultad de Veterinaria Campus de Villanueva de la Cañada Avda,"Avda. de la Universidad, 1 28691 Villanueva de la Cañada (Madrid)",91 810 92 00,www.uax.es,info@uax.es,10
180,Facultad de Veterinaria Campus de Ciudad Universitaria Avda,"Avda. Puerta de Hierro, s/n Ciudad Universitaria 28040 Madrid",91 394 38 76,www.ucm.es,gervet@ucm.es,5
181,Escuela Politécnica Superior Ctra,,91 351 03 03,www.ufv.es,info@ufv.es,71
182,Escuela Politécnica Superior Campus de Montepríncipe Urb,,91 372 40 35,www.uspceu.com,info.usp@ceu.es,18
183,Escuela Politécnica Superior Campus de la Dehesa de la Villa C/ Pirineos,"C/ Pirineos, 55 28040 Madrid",91 452 11 00,www.nebrija.com,informa@nebrija.es,72
184,Escuela Técnica Superior de Arquitectura Campus Ciudad Universitaria Avda,"Avda. Juan Herrera, 4 28040 Madrid",91 067 47 24,www.etsamadrid.upm.es,secretaria.arquitectura@upm.es,73
185,Escuela de Ingeniería de Fuenlabrada Campus Fuenlabrada Camino del Molino,"C/ Santa Úrsula, 8 28801 Alcalá de Henares (Madrid)",91 488 84 01 / 91 488 93 93 / 91 883 92 56,www.arquitectura.uah.es | www.urjc.es,e.arquitectura@uah.es | secretariaacademica@urjc.es,7
186,Escuela Técnica Superior de Ingenieros Navales Campus Ciudad Universitaria Avda,"Avda. de la Memoria, 4 28040 Madrid",91 067 61 00,www.etsin.upm.es,acceso.universidad@upm.es | informacionyservicios.navales@upm.es,26
187,Escuela Politécnica Superior Campus Leganés Avda,"Avda. de la Universidad, 30 28911 Leganés (Madrid)",91 624 60 00,www.uc3m.es,futurosestudiantes@uc3m.es,75
188,Escuela Técnica Superior de Ingenieros en Topografía,"C/ Mercator, 2 28031 Madrid",91 067 38 24,www.topografia.upm.es,informacion.academica@upm.es,26
189,Escuela Técnica Superior de Ingeniería Aeronáutica y del Espacio Campus Ciudad Universitaria Pza,,91 067 55 34,www.etsiae.upm.es,info.aeroespacial@upm.es,76
190,Escuela Técnica Superior de Ingeniería de Montes,"C/ Jose Antonio Novais, 10 28040 Madrid",91 067 14 24,www.montesymedionatural.upm.es,info.alumnadom.montes@upm.es,26
191,Facultad de Ciencias Edificio de Ingeniería Química Campus de Cantoblanco C/ Marx,"C/ Marx, 10 28049 Madrid",91 497 35 18,www.uam.es,informacion.ciencias@uam.es,20
192,Facultad de Ciencias Químicas Campus Ciudad Universitaria Pza,,91 394 43 47,www.quimicas.ucm.es | www.ucm.es,,5
193,Escuela Técnica Superior de Ingenieros Industriales Campus Madrid Ciudad C/ José Gutiérrez Abascal,"C/ José Gutiérrez Abascal, 2 28006 Madrid",91 067 67 24,www.etsii.upm.es,secretaria.industrial@upm.es,77
194,Escuela Técnica Superior de Ingeniería y Diseño Industrial Campus Madrid Ciudad Ronda de Valencia,,91 067 74 24,www.etsidi.upm.es,secretaria.etsidi@upm.es,78
195,Escuela Politécnica Superior Avda,"Avda. de la Universidad,1 28691 Villanueva de la Cañada (Madrid)",91 810 92 00,www.uax.es,info@uax.es,79
196,Escuela Politécnica Superior Campus de Cantoblanco C/ Francisco Tomás y Valiente,,91 497 22 23,www.uam.es,informacion.eps@uam.es,80
197,Escuela Técnica Superior de Ingenieros de Telecomunicación Campus Ciudad Universitaria Avda,"Avda. Complutense, 30 28040 Madrid",91 067 19 00,www.etsit.upm.es,secretaria.alumnos@etsit.upm.es,81
198,Escuela de Ingeniería de Fuenlabrada Campus de Alcorcón (también en inglés) Avda,"Avda. de Atenas, s/n 28922 Alcorcón (Madrid)",91 488 89 17,www.urjc.es,alcorcon.secretariadealumnos@urjc.es,7
199,Escuela Politécnica Superior Campus Montepríncipe Urb,,91 372 47 00,www.ucpceu.es,secretariamonteprincipe@ceu.es,82
200,Escuela Técnica Superior de Ingenieros de Caminos,"C/ Profesor Aranguren, 3 28040 Madrid",91 067 40 00 / 91 067 40 24 / 91 067 45 34,www.caminos.upm.es,acceso.universidad@upm.es,26
201,Escuela Politécnica Superior Campus MadridPrincesa C/ Serrano Jover,"C/ Serrano Jover, 2 28015 Madrid",91 452 11 03,www.nebrija.com,informa@nebrija.com,83
202,Escuela Técnica Superior de Ingenieros Industriales Campus Madrid Ciudad C/ José Gutierrez Abascal,"C/ José Gutierrez Abascal, 2 28006 Madrid",902 02 00 03 / 91 067 67 24 / 91 189 69 99,www.etsii.upm.es | www.udima.es,informa@udima.es | secretaria.industriales@upm.esUniversidad,84
203,Escuela Superior de Ciencias Experimentales y Tecnología Campus de Vicálvaro Paseo de Artilleros,"Paseo de Artilleros, s/n 28032 Vicálvaro (Madrid)",91 488 73 69 / 91 664 74 18,www.urjc.es,escet.director@urjc.es,55
204,Escuela Técnica Superior de Ingenieros Industriales C/ Juan del Rosal,"C/ Juan del Rosal, 12 28040 Madrid",91 398 64 04,www.uned.es,negelectricidad@iud.uned.es,77
205,Escuela Politécnica Superior Campus CientíficoTecnológico Crta,,91 885 65 18,www.uah.es/escuelapolitecnica,secalum.politecnica@uah.es,86
206,Escuela Técnica Superior de Ingeniería (ICAI) C/ Alberto Aguilera,"C/ Alberto Aguilera, 25 28015 Madrid",91 542 28 00,www.comillas.edu,grado@comillas.edu,88
207,Escuela Técnica Superior de Ingenieros de Minas y Energía Campus Madrid Ciudad C/ Ríos Rosas,"C/ Ríos Rosas, 21 28003 Madrid",91 067 66 02,www.minasyenergia.upm.es,gia@upm.es,81
208,Escuela Técnica Superior de Ingenieros de Industriales Campus Madrid Ciudad C/ José Gutiérrez Abascal,"C/ José Gutiérrez Abascal, 2 28006 Madrid",91 067 67 24,www.etsii.upm.es,secretaria.industriales@upm.es,81
209,Facultad de Ciencias Geológicas Ciudad Universitaria C/ José Antonio Novais,"C/ José Antonio Novais, 12 28040 Madrid",91 394 48 37,www.ucm.es,infoweb@geo.ucm.es,5
210,Escuela Poltécnica Superior Campus de Villanueva de la Cañada Avda,"Avda. de la Universidad,1 28691 Villanueva de la Cañada (Madrid)",91 810 92 00,www.uax.es,info@uax.es,89
211,Facultad de Ciencias Matemáticas Pza,,91 394 46 00,www.ucm.es,informacion@ucm.es,5
212,Escuela Politécnica Superior C/ Pirineos,"C/ Pirineos,55 28040 Madrid",91 444 51 61,www.cunef.edu,info@cunef.edu,90
213,Escuela Técnica Superior de Ingeniería C/ Alberto Aguilera,"C/ Alberto Aguilera, 25 28015 Madrid",91 542 28 00,www.comillas.edu,grado@comillas.edu,91
214,Escuela Politécnica Superior Campus CientíficoTecnológico C/ Cifuentes,"C/ Cifuentes, 28. 19001",,www.uah.es/escuelapolitecnica,secalum.politecnica@uah.es,93
215,Facultad de Ciencias Físicas Campus de Ciudad Universitaria Pza,,91 394 46 27,www.ucm.es,infofisicas@ucm.es,5
216,Escuela Superior de Ciencias Experimenta les y Tecnología Campus de Móstoles C/ Tulipán,,91 664 74 18 / 91 665 50 61,www.urjc.es,escet.director@urjc.es,94
217,Escuela Politécnica Superior Campus CientíficoTecnológico Ctra,,91 885 65 18,www.uah.es/escuelapolitecnica,secalum.politecnica@uah.es,95
218,Facultad de Ciencias Físicas Campus Ciudad Universitaria Pza,,91 394 46 48,www.ucm.es,infofisicas@ucm.es | informacion@ucm.es,5
219,Escuela Técnica Superior de Ingeniería de Sistemas de Telecomunicación Campus Sur C/ Nikola Tesla,,91 067 32 24,www.etsist.upm.es,secrealumnos.etsist@upm.es,26
220,Escuela Técnica Superior de Ingeniería de Sistemas de Telecomunicación Campus Sur Ctra,,91 067 32 34,www.etsist.upm.es,info.etsist@upm.es | secrealumnos.etsist@upm.es,96
221,Escuela Politécnica Superior Campus Montepríncipe 28925 Alcorcón (Madrid) Tels,,91 372 40 35,www.uspceu.com,info.usp@ceu.es,97
222,Escuela Técnica Superior de Ingenieros de Telecomunicación Campus de Ciudad Universitaria Avda,"Avda. Complutense, 30 28040 Madrid",91 067 19 00,www.etsit.upm.es,informacion.academica@upm.es | secretaria.alumnos@etsit.upm.es,26
223,Escuela Politécnica Superior Campus Científico Tecnológico Ctra,,91 885 65 18,www.uah.es/escuelapolitecnica,secalum.politecnica@uah.es,99
224,Escuela Técnica Superior de Ingenieros de Telecomunicación Campus Moncloa Avda,"Avda. Complutense, nº 30 28040 Madrid",91 067 19 00 / 91 067 32 00,www.etsit.upm.es,informacion.academica@upm.es,26
225,Facultad de Informática C/ Profesor José García Santesmases,"C/ Profesor José García Santesmases, 9 Ciudad Universitaria 28040 Madrid",91 394 75 02,www.ucm.es,salfdi@ucm.es,5
226,Escuela Técnica Superior de Ingeniería de Sistemas Informáticos Campus Sur C/ Alan Turing,,91 067 35 24,www.etsist.upm.es,negociado.alumnos.etsisi@upm.es,96
227,Escuela Técnica Superior de Ingeniería Informática Campus de Móstoles C/ Tulipán,,91 488 70 26 / 91 664 74 35,www.urjc.es,mostoles.secretariadealumnos@urjc.es,62
228,Facultad de Tecnología y Ciencia C/ Almagro,"C/ Almagro, 5 28010 Madrid",91 815 31 31,www.ucjc.edu,info@ucjc.edu,9
229,Escuela Politécnica Superior Campus de Colmenarejo Avda,"Avda. Gregorio PecesBarba Martínez, 22 28270 Colmenarejo (Madrid)",91 624 60 00,www.uc3m.es,futurosestudiantes@uc3m.es,100
230,Facultad de Informática Campus de Moncloa C/ Profesor José García Santesmases,"C/ Profesor José García Santesmases, 9 Ciudad Universitaria 28040 Madrid",91 394 75 02,www.ucm.es,salfdi@ucm.es,5
231,Escuela Técnica Superior de Ingenieros Informáticos Campus Ciudad Universitaria C/ Juan del Rosal,"C/ Juan del Rosal, 16 28040 Madrid",91 398 73 02,www.uned.es,alumnosinformamtica@adm.uned.es,102
232,Escuela Técnica Superior de Ingeniería de Sistemas Informaticos Campus Sur C/ Alan Turing,,91 067 35 24,www.etsist.upm.es,negociado.alumnos.etsisi@upm.es,96
233,Escuela Técnica Superior de Ingeniería Informática Campus de MadridVicálvaro Paseo Artilleros,"Paseo Artilleros, s/n 28032 Madrid",91 488 79 27,www.urjc.es,madrid.secretariaalumnos@urjc.es,103
234,Escuela Superior de Ingeniería Informática Campus de Móstoles C/ Tulipán,,91 665 50 60,www.urjc.es,mostoles.secretariadealumnos@urjc.es,106
235,Escuela Técnica Superior de Ingenieros Informáticos Campus de Montegancedo 28660 Boadilla del Monte (Madrid) Tels,,91 067 27 24,www.etsist.upm.es,secretaria@fi.upm.es,102
236,Facultad de Informática Campus Moncloa C/ Profesor José García Santesmases,"C/ Profesor José García Santesmases, 9 Ciudad Universitaria 28040 Madrid",91 394 75 02,www.ucm.es,salfdi@ucm.es,5
237,Escuela Técnica Superior de Ingeniería de Telecomunicación Campus Fuenlabrada Camino del Molino,,91 488 72 21,www.urjc.es,etsit.director@urjc.es | etsit.sec.academica@urjc.es,96
238,Escuela Técnica Superior de Ingeniería y Sistemas de Telecomunicación Campus Sur C/ Nikola Tesla,,91 067 32 24,www.etsist.upm.es,secrealumnos.etsist@upm.es,78
